{
  "model_type": "RandomForestClassifier",
  "n_estimators": 200,
  "max_depth": 15,
  "classes": [
    "catering_events",
    "cloud_kitchen",
    "fast_casual",
    "fine_dining",
    "health_organic",
    "regional_specialty",
    "street_food"
  ],
  "n_classes": 7,
  "feature_names": [
    "time",
    "budget_level",
    "food_type",
    "occasion",
    "customer_type",
    "delivery_preference",
    "payment_method"
  ],
  "n_features": 7,
  "training_date": "2026-01-04 11:55:47",
  "train_samples": 8400,
  "test_samples": 2100,
  "accuracy": 0.9133333333333333,
  "f1_score": 0.9134103447187489
}